,AO_p60,AO_p70,AO_p80,AO_p90
Clusters,621.0,1271.0,1351.0,1404.0
Gini,0.35088757396449705,0.03431952662721893,0.01124260355029586,0.0011834319526627221
