,0.5_AUC,0.5_F1,0.5_MCC,0.5_AUC,0.5_F1,0.5_MCC,custom_AUC,custom_F1,custom_MCC,custom_AUC,custom_F1,custom_MCC,FRS_Threshold,CHEL_Threshold
0,0.7828632167646669,0.7040476132460867,0.4548584071810822,0.6324933591543396,0.02256309325349573,0.03310448857046989,0.7828632167646669,0.7026469640722544,0.45783094586616374,0.6324933591543396,0.19329742775119113,0.16107198656031158,0.5001,0.4246
1,0.019997384387024475,0.03358342645287054,0.05628564890766042,0.09856118552692902,0.04114064445425723,0.07721631860483788,0.019997384387024475,0.03884939529978454,0.054340025242124786,0.09856118552692902,0.10261068291962042,0.10779456682815083,0.010412037567920572,0.039794736494058854
